{"cameraMode":{"drawMode":0,"name":"Shaded","section":"Shading Mode"},"sceneLighting":true,"audioPlay":false,"sceneViewState":{"m_AlwaysRefresh":true,"showFog":true,"showSkybox":true,"showFlares":true,"showImageEffects":true,"showParticleSystems":true,"showVisualEffectGraphs":true,"m_FxEnabled":true},"in2DMode":false,"pivot":{"x":943.2527465820313,"y":553.8326416015625,"z":-2.7149810791015627},"rotation":{"x":0.010189947672188282,"y":0.0035968173760920765,"z":0.000036358265788294375,"w":-0.9999412298202515},"size":466.6680908203125,"orthographic":false}